id,first_name,last_name,email,gender,ip_address,Service
1,Katti,Astell,kastell0@themeforest.net,Female,24.165.137.7,false
2,Mitchell,Pettipher,mpettipher1@vkontakte.ru,Male,75.229.45.50,true
3,Dennis,Youell,dyouell2@disqus.com,Male,158.64.206.93,true
4,Miran,Munson,mmunson3@cnn.com,Female,215.31.171.212,false
5,Jaye,Vallintine,jvallintine4@baidu.com,Male,91.131.17.206,true
6,Thomas,Ovill,tovill5@google.cn,Male,233.157.234.79,false
7,Griz,Towl,gtowl6@scientificamerican.com,Male,195.231.7.33,true
8,Krishnah,Swalteridge,kswalteridge7@ehow.com,Male,239.253.189.175,false
9,Elise,Treacy,etreacy8@mapquest.com,Female,5.78.28.117,false
10,Ardella,Sharer,asharer9@addtoany.com,Female,34.227.60.91,true
11,Elspeth,Lawry,elawrya@mlb.com,Female,181.185.127.248,false
12,Gerry,Civitillo,gcivitillob@clickbank.net,Male,215.250.200.53,false
13,Nikolaus,Savidge,nsavidgec@hud.gov,Male,23.203.6.85,true
14,Susi,Plaskitt,splaskittd@artisteer.com,Female,45.53.215.224,true
15,Burty,Dragonette,bdragonettee@opensource.org,Male,157.188.30.235,false
16,Chase,Gosart,cgosartf@disqus.com,Male,9.78.159.85,false
17,Nap,Bliss,nblissg@cnn.com,Male,30.131.214.255,false
18,See,Oughtright,soughtrighth@epa.gov,Male,17.231.215.86,false
19,Merlina,Huortic,mhuortici@yolasite.com,Female,87.97.33.74,false
20,Rodolfo,Lynes,rlynesj@theatlantic.com,Male,91.202.195.4,false
21,Liva,Houlton,lhoultonk@google.nl,Female,19.42.217.10,false
22,Claudius,Tomanek,ctomanekl@de.vu,Male,169.200.251.159,true
23,Lesley,Slarke,lslarkem@washington.edu,Male,98.83.160.53,false
24,Caryl,Cammoile,ccammoilen@slate.com,Male,180.70.121.110,true
25,Dorree,Blow,dblowo@buzzfeed.com,Female,110.208.37.173,true
26,Idalina,McQuorkel,imcquorkelp@adobe.com,Female,210.130.147.81,false
27,Jeramey,Tackes,jtackesq@cdbaby.com,Male,209.118.245.47,true
28,Pincas,Kleinberer,pkleinbererr@twitpic.com,Male,146.71.199.191,false
29,Tove,Cream,tcreams@gravatar.com,Female,48.12.87.202,true
30,Gregoor,Emanuel,gemanuelt@indiatimes.com,Male,220.23.182.168,false
31,Almeta,Goodwin,agoodwinu@digg.com,Female,162.100.255.15,true
32,Fawne,Woodthorpe,fwoodthorpev@gnu.org,Female,207.203.76.163,false
33,Sisile,Jenicek,sjenicekw@cpanel.net,Female,177.224.134.40,false
34,Aurore,Feathersby,afeathersbyx@dot.gov,Female,242.129.64.181,false
35,Hedi,Edwinson,hedwinsony@xing.com,Female,135.221.241.90,false
36,Kippie,Goldman,kgoldmanz@ezinearticles.com,Male,72.106.69.174,false
37,Alfonse,Chastenet,achastenet10@hatena.ne.jp,Male,11.174.61.162,false
38,Jules,Lossman,jlossman11@utexas.edu,Male,217.36.236.189,true
39,Tybalt,Klossmann,tklossmann12@msu.edu,Male,194.41.148.15,false
40,Benedick,Joron,bjoron13@usatoday.com,Male,56.141.12.81,false
41,Paddy,Iianon,piianon14@bbb.org,Male,43.34.93.15,false
42,Elisabetta,Di Ruggero,ediruggero15@walmart.com,Female,132.68.203.128,false
43,Rabi,Leighfield,rleighfield16@bluehost.com,Male,210.94.112.221,false
44,Susy,Norley,snorley17@tiny.cc,Female,135.100.54.178,true
45,Felizio,Sprouls,fsprouls18@etsy.com,Male,97.141.98.43,true
46,Tallie,Fardo,tfardo19@wix.com,Female,114.42.251.189,true
47,Dodi,Rigmand,drigmand1a@dailymail.co.uk,Female,146.124.237.129,false
48,Maxi,Pittle,mpittle1b@independent.co.uk,Female,152.237.114.14,false
49,Matthus,McIlenna,mmcilenna1c@psu.edu,Male,24.63.7.40,true
50,Marla,Bleesing,mbleesing1d@php.net,Female,247.190.35.237,false
51,Marlin,Lannon,mlannon1e@google.com.hk,Male,223.77.163.173,true
52,Doll,Stuck,dstuck1f@goo.ne.jp,Female,148.214.108.51,true
53,Maryanna,O'Heaney,moheaney1g@yale.edu,Female,34.241.223.130,false
54,Ivor,Sang,isang1h@vk.com,Male,232.131.43.79,false
55,Karlan,Domeney,kdomeney1i@harvard.edu,Male,45.1.247.83,true
56,Charley,Amaya,camaya1j@google.fr,Male,132.172.132.104,true
57,Karry,Fessler,kfessler1k@is.gd,Female,249.208.196.216,true
58,Dieter,Gerrets,dgerrets1l@cargocollective.com,Male,243.173.124.180,false
59,Clea,Talmadge,ctalmadge1m@photobucket.com,Female,179.66.134.45,false
60,Elfreda,Andrei,eandrei1n@newyorker.com,Female,30.223.80.68,true
61,Tudor,Gahagan,tgahagan1o@whitehouse.gov,Male,209.228.165.53,true
62,Dorette,Gardiner,dgardiner1p@homestead.com,Female,67.187.98.71,true
63,Glenn,Escalante,gescalante1q@taobao.com,Male,15.223.172.182,false
64,Rochette,Senechault,rsenechault1r@friendfeed.com,Female,231.165.94.250,false
65,Claiborne,Choat,cchoat1s@weather.com,Male,179.157.206.36,false
66,Devlen,Duker,dduker1t@mlb.com,Male,39.101.67.159,false
67,Elroy,Guitel,eguitel1u@phpbb.com,Male,37.100.202.66,false
68,Chlo,Babbs,cbabbs1v@facebook.com,Female,86.9.217.1,false
69,Paddy,Adrain,padrain1w@cmu.edu,Male,193.99.193.164,false
70,Lurlene,Meggison,lmeggison1x@cbslocal.com,Female,31.17.215.241,true
71,Zackariah,Degnen,zdegnen1y@delicious.com,Male,143.49.129.240,false
72,Raddie,Snelson,rsnelson1z@bing.com,Male,54.7.71.66,false
73,Edd,Beevor,ebeevor20@edublogs.org,Male,105.116.85.137,false
74,Candide,Chappel,cchappel21@github.io,Female,67.100.12.156,true
75,Hunt,Dalrymple,hdalrymple22@cloudflare.com,Male,170.210.70.82,false
76,Wernher,Olliver,wolliver23@yandex.ru,Male,225.80.103.52,false
77,Petronilla,Partlett,ppartlett24@cargocollective.com,Female,165.251.148.154,false
78,Nolie,Ankrett,nankrett25@icio.us,Female,209.94.86.191,true
79,Hamil,Karpushkin,hkarpushkin26@biglobe.ne.jp,Male,255.202.218.100,true
80,Celia,Parnaby,cparnaby27@amazonaws.com,Female,109.208.202.203,true
81,Gwendolyn,Giovanazzi,ggiovanazzi28@unblog.fr,Female,155.19.109.137,true
82,Engracia,Petrushanko,epetrushanko29@archive.org,Female,97.56.21.205,false
83,Sheela,Billyard,sbillyard2a@sogou.com,Female,41.58.100.73,true
84,Jecho,Julian,jjulian2b@dagondesign.com,Male,193.191.37.103,true
85,Cherlyn,Sink,csink2c@time.com,Female,71.3.151.122,true
86,Louise,Clayfield,lclayfield2d@cbsnews.com,Female,125.57.120.95,false
87,Anica,Andersen,aandersen2e@ft.com,Female,82.17.20.31,false
88,Vera,Lockett,vlockett2f@ebay.co.uk,Female,22.246.180.225,true
89,Frederich,Liff,fliff2g@dyndns.org,Male,141.31.252.60,true
90,Daffie,Laidlow,dlaidlow2h@yale.edu,Female,113.2.4.142,true
91,Hadrian,Heaselgrave,hheaselgrave2i@ucsd.edu,Male,16.46.17.89,false
92,Harlin,Wishart,hwishart2j@businessweek.com,Male,153.66.143.233,true
93,Obadias,Flancinbaum,oflancinbaum2k@cyberchimps.com,Male,204.136.180.157,true
94,Nevil,Prichard,nprichard2l@dailymotion.com,Male,122.235.49.67,false
95,Kasper,McPhelimey,kmcphelimey2m@apache.org,Male,72.106.171.28,true
96,Davide,Caller,dcaller2n@dyndns.org,Male,249.202.62.252,false
97,Cymbre,Langeley,clangeley2o@samsung.com,Female,37.167.206.66,true
98,Deonne,McNeely,dmcneely2p@bloglines.com,Female,224.22.63.91,false
99,Sully,Rothon,srothon2q@phoca.cz,Male,47.59.183.190,true
100,Rosamond,Storrar,rstorrar2r@merriam-webster.com,Female,40.39.145.110,true
101,Elwyn,Samwayes,esamwayes2s@indiegogo.com,Male,98.88.80.111,true
102,Murvyn,Barry,mbarry2t@digg.com,Male,216.49.76.82,true
103,Gilli,Nettle,gnettle2u@jalbum.net,Female,244.63.187.24,false
104,Sibby,Yakuntzov,syakuntzov2v@google.nl,Female,22.140.181.65,false
105,Cherilyn,Iorns,ciorns2w@privacy.gov.au,Female,228.245.88.32,true
106,Jaquith,Lowden,jlowden2x@tmall.com,Female,231.202.110.181,false
107,Jerrold,Easby,jeasby2y@apple.com,Male,238.71.160.247,true
108,Estevan,Bartlomiej,ebartlomiej2z@com.com,Male,207.3.92.46,false
109,Gwenny,Houchin,ghouchin30@jalbum.net,Female,8.152.132.123,false
110,Bink,Elcocks,belcocks31@elegantthemes.com,Male,251.80.32.102,false
111,Row,Mogey,rmogey32@csmonitor.com,Female,95.33.47.247,true
112,Mitchell,Horstead,mhorstead33@mashable.com,Male,155.251.91.180,true
113,Bertina,Ulster,bulster34@shinystat.com,Female,39.61.102.230,true
114,Pegeen,MacKim,pmackim35@boston.com,Female,27.37.171.39,true
115,Faye,Hazle,fhazle36@indiegogo.com,Female,209.21.226.93,false
116,Cindi,Perello,cperello37@php.net,Female,190.63.206.81,true
117,Berk,McAulay,bmcaulay38@vimeo.com,Male,61.162.137.201,false
118,Petronilla,Creevy,pcreevy39@washington.edu,Female,39.200.107.107,true
119,Caesar,Jeynes,cjeynes3a@e-recht24.de,Male,176.15.128.15,false
120,Antonio,Balducci,abalducci3b@slashdot.org,Male,235.60.89.216,false
121,Norbie,Le Guin,nleguin3c@unblog.fr,Male,121.196.47.39,false
122,Leonhard,Olford,lolford3d@discuz.net,Male,58.26.65.208,true
123,Gwendolen,Tisun,gtisun3e@admin.ch,Female,211.22.127.102,false
124,Lowrance,Boerderman,lboerderman3f@prweb.com,Male,50.173.73.153,false
125,Adelaide,Corneljes,acorneljes3g@utexas.edu,Female,162.26.247.167,true
126,Agace,Deener,adeener3h@pen.io,Female,173.104.29.5,false
127,Vikki,Sture,vsture3i@samsung.com,Female,202.127.54.173,false
128,Carleton,Garritley,cgarritley3j@linkedin.com,Male,128.117.253.180,true
129,Marianna,Bullerwell,mbullerwell3k@marriott.com,Female,93.120.222.155,false
130,Claudianus,Dencs,cdencs3l@t.co,Male,28.72.50.55,false
131,Maxie,Yakunikov,myakunikov3m@unblog.fr,Male,63.253.48.6,true
132,Tomlin,Stangoe,tstangoe3n@europa.eu,Male,87.244.69.22,true
133,Kaila,Millwall,kmillwall3o@live.com,Female,125.189.250.56,true
134,Culley,Kayes,ckayes3p@nytimes.com,Male,213.135.210.154,false
135,Sisile,Tribble,stribble3q@ustream.tv,Female,69.155.127.183,true
136,Alaster,Forson,aforson3r@imdb.com,Male,180.78.24.24,false
137,Nolly,Landy,nlandy3s@japanpost.jp,Male,96.175.130.146,false
138,Fernandina,Nisbith,fnisbith3t@photobucket.com,Female,189.40.179.162,false
139,Ana,Byron,abyron3u@reverbnation.com,Female,73.1.227.155,true
140,Lilllie,Gouny,lgouny3v@skype.com,Female,51.62.4.22,false
141,Jarad,Marking,jmarking3w@unblog.fr,Male,187.49.111.224,false
142,Margit,Lyles,mlyles3x@simplemachines.org,Female,138.137.151.132,false
143,Gerianne,Dreamer,gdreamer3y@digg.com,Female,5.204.133.216,false
144,Scotti,Meek,smeek3z@quantcast.com,Male,151.129.181.138,false
145,Darrel,Gilliatt,dgilliatt40@ovh.net,Male,198.66.180.162,true
146,Allen,Sallier,asallier41@tripod.com,Male,16.231.196.67,false
147,Daphna,Brashaw,dbrashaw42@google.ca,Female,50.164.96.156,true
148,Vick,Colnet,vcolnet43@hhs.gov,Male,210.158.132.165,false
149,Oralie,Potticary,opotticary44@vimeo.com,Female,205.32.225.109,false
150,Krista,Pembery,kpembery45@bloglovin.com,Female,34.49.37.213,false
151,Godwin,Ashenhurst,gashenhurst46@craigslist.org,Male,64.18.192.83,true
152,Karly,Callery,kcallery47@fda.gov,Female,9.197.62.114,true
153,Amandi,Rentcome,arentcome48@unicef.org,Female,219.23.167.157,false
154,Quinn,Kunze,qkunze49@theatlantic.com,Female,42.102.76.92,true
155,Hortensia,Bossons,hbossons4a@state.gov,Female,242.62.195.171,false
156,Goddard,Jaram,gjaram4b@amazon.de,Male,227.211.248.67,true
157,Reiko,Tschirschky,rtschirschky4c@yahoo.co.jp,Female,91.156.234.207,false
158,Dian,Wincom,dwincom4d@g.co,Female,113.41.38.224,false
159,Ange,Pepall,apepall4e@sphinn.com,Male,98.122.25.25,true
160,Rozelle,Klimmek,rklimmek4f@scribd.com,Female,75.208.39.39,true
161,Hyatt,Noury,hnoury4g@technorati.com,Male,167.122.100.74,false
162,Philip,Seatter,pseatter4h@hao123.com,Male,1.116.252.102,true
163,Marya,todor,mtodor4i@storify.com,Female,225.193.33.173,false
164,Ahmed,Towll,atowll4j@comcast.net,Male,37.197.114.184,false
165,Baxy,Marvell,bmarvell4k@ustream.tv,Male,224.245.217.191,true
166,Angelique,Towson,atowson4l@house.gov,Female,248.160.173.208,true
167,Rosabel,Melesk,rmelesk4m@360.cn,Female,177.249.221.141,false
168,Bryce,Matys,bmatys4n@vimeo.com,Male,89.198.82.3,true
169,Alta,Pococke,apococke4o@japanpost.jp,Female,205.58.249.180,false
170,Mendie,Pues,mpues4p@craigslist.org,Male,182.207.79.92,true
171,Elane,Spatari,espatari4q@imdb.com,Female,151.115.210.210,false
172,Ashil,Pinck,apinck4r@chicagotribune.com,Female,253.41.175.222,false
173,Berky,Scarffe,bscarffe4s@qq.com,Male,70.110.133.98,false
174,Julienne,Moffett,jmoffett4t@taobao.com,Female,239.173.248.204,false
175,Therese,Mattedi,tmattedi4u@google.com,Female,87.181.138.99,false
176,Mead,Edling,medling4v@dell.com,Female,199.113.240.207,true
177,Carr,Rapo,crapo4w@dot.gov,Male,193.164.50.139,false
178,Karlens,Tuckwell,ktuckwell4x@dailymail.co.uk,Male,168.32.242.231,false
179,Chloette,MacIllrick,cmacillrick4y@paypal.com,Female,186.187.9.179,true
180,Adeline,Garcia,agarcia4z@e-recht24.de,Female,133.69.185.13,true
181,Jolene,Burnyate,jburnyate50@hc360.com,Female,103.83.249.89,false
182,Alasteir,Helstrom,ahelstrom51@sun.com,Male,123.130.174.104,true
183,Michaella,McMurray,mmcmurray52@cdc.gov,Female,17.178.222.198,true
184,Albrecht,Sherwill,asherwill53@amazon.com,Male,182.104.92.27,false
185,Raphaela,Cuthbertson,rcuthbertson54@sourceforge.net,Female,177.94.79.42,true
186,Shina,Kenworth,skenworth55@nsw.gov.au,Female,173.226.15.231,true
187,Spence,Comoletti,scomoletti56@youtu.be,Male,145.175.208.49,true
188,Wheeler,Stuttman,wstuttman57@cdc.gov,Male,177.189.161.22,true
189,Caresa,Rickford,crickford58@hp.com,Female,245.163.217.213,false
190,Peadar,Clausen-Thue,pclausenthue59@imgur.com,Male,80.71.242.23,false
191,Jamal,Meneghi,jmeneghi5a@ameblo.jp,Male,223.248.65.61,true
192,Daisi,Bonavia,dbonavia5b@oracle.com,Female,197.162.68.168,false
193,Jody,Schukert,jschukert5c@multiply.com,Female,222.78.232.237,false
194,Alisander,Ketchen,aketchen5d@webnode.com,Male,142.226.255.94,true
195,Renato,Barrott,rbarrott5e@123-reg.co.uk,Male,187.232.57.110,true
196,Farand,Balden,fbalden5f@merriam-webster.com,Female,19.104.200.176,false
197,Yoshi,Ralling,yralling5g@umn.edu,Female,64.206.36.200,false
198,Edie,Godbert,egodbert5h@chron.com,Female,95.38.213.183,false
199,Jamesy,Kidgell,jkidgell5i@unicef.org,Male,126.181.119.34,false
200,Nataline,Kabos,nkabos5j@goo.ne.jp,Female,18.148.129.227,false
201,Odell,Prattington,oprattington5k@loc.gov,Male,130.104.73.58,true
202,Rafe,Clines,rclines5l@google.com.br,Male,149.217.12.49,false
203,Helli,Dancey,hdancey5m@samsung.com,Female,44.33.161.100,false
204,Heinrik,Bough,hbough5n@marriott.com,Male,248.101.16.128,true
205,Wilhelm,Pendleberry,wpendleberry5o@plala.or.jp,Male,31.31.47.245,false
206,Kathi,Treker,ktreker5p@dailymotion.com,Female,209.149.31.253,false
207,Dicky,Twoohy,dtwoohy5q@marketwatch.com,Male,44.242.64.17,false
208,Eberhard,Bembrick,ebembrick5r@dyndns.org,Male,191.221.17.158,true
209,Claudius,Thow,cthow5s@pcworld.com,Male,65.114.148.37,true
210,Bar,Breinl,bbreinl5t@privacy.gov.au,Male,169.73.182.142,true
211,Ashia,Jakubovsky,ajakubovsky5u@ycombinator.com,Female,27.39.38.18,false
212,Carolus,Zannotti,czannotti5v@wunderground.com,Male,141.22.15.54,false
213,Ingeberg,Snodin,isnodin5w@weibo.com,Female,97.15.63.165,false
214,Rowen,Caveney,rcaveney5x@paypal.com,Male,216.157.60.10,true
215,Gabey,Newburn,gnewburn5y@gizmodo.com,Female,160.173.252.55,true
216,Becca,Rammell,brammell5z@go.com,Female,0.85.7.74,true
217,Peirce,Hendricks,phendricks60@samsung.com,Male,200.35.127.103,false
218,Debora,Benedit,dbenedit61@kickstarter.com,Female,149.114.140.124,false
219,Olav,Mackerness,omackerness62@meetup.com,Male,187.30.115.20,false
220,Adey,Saing,asaing63@wufoo.com,Female,128.187.187.157,false
221,Quincey,Pickrell,qpickrell64@umn.edu,Male,213.93.54.116,false
222,Gina,Wainwright,gwainwright65@e-recht24.de,Female,88.99.189.175,false
223,Mellie,Mewe,mmewe66@paginegialle.it,Female,138.238.199.135,false
224,Fee,Engelbrecht,fengelbrecht67@so-net.ne.jp,Male,107.156.90.246,true
225,Giavani,Abbyss,gabbyss68@howstuffworks.com,Male,103.190.47.151,true
226,Dulcia,Beentjes,dbeentjes69@printfriendly.com,Female,118.51.196.72,false
227,Brandyn,Commuzzo,bcommuzzo6a@arstechnica.com,Male,163.220.47.88,false
228,Lammond,Jancik,ljancik6b@t.co,Male,86.114.73.47,false
229,Leonie,Purser,lpurser6c@skyrock.com,Female,144.162.251.173,true
230,Tad,Borwick,tborwick6d@bing.com,Male,95.128.55.78,true
231,Goraud,Mathevon,gmathevon6e@yahoo.com,Male,223.160.131.226,true
232,Heidi,Himsworth,hhimsworth6f@ask.com,Female,47.162.112.137,false
233,Garrott,Russam,grussam6g@prweb.com,Male,15.101.182.6,true
234,Nanni,Spear,nspear6h@examiner.com,Female,243.179.194.72,true
235,Adolphus,Halwill,ahalwill6i@goodreads.com,Male,55.204.154.108,true
236,Edlin,Plampeyn,eplampeyn6j@geocities.com,Male,254.153.57.116,true
237,Florinda,Durak,fdurak6k@google.co.uk,Female,243.211.117.77,false
238,Jamaal,McCrostie,jmccrostie6l@biblegateway.com,Male,222.80.63.23,false
239,Lambert,Brownjohn,lbrownjohn6m@livejournal.com,Male,141.178.121.139,false
240,Elsey,Stoite,estoite6n@home.pl,Female,2.209.90.132,false
241,Godart,Faircliffe,gfaircliffe6o@globo.com,Male,33.164.240.119,false
242,Casey,Paling,cpaling6p@blog.com,Female,36.169.107.162,false
243,Hephzibah,Inglesent,hinglesent6q@comcast.net,Female,111.50.15.178,true
244,Henry,Dowling,hdowling6r@cornell.edu,Male,38.119.247.169,true
245,Paco,Rainon,prainon6s@alibaba.com,Male,88.149.138.6,true
246,Ayn,Cottier,acottier6t@slate.com,Female,126.77.59.165,false
247,Brynne,Issatt,bissatt6u@clickbank.net,Female,177.0.33.116,true
248,Marysa,Extal,mextal6v@salon.com,Female,254.105.138.193,false
249,Gayel,Abilowitz,gabilowitz6w@drupal.org,Female,18.142.231.116,true
250,Alejandro,Harler,aharler6x@hao123.com,Male,83.246.252.57,true
251,Emelyne,Lindwall,elindwall6y@yellowbook.com,Female,228.255.174.149,true
252,Killian,Cosley,kcosley6z@webs.com,Male,210.177.205.108,false
253,Aubrie,Le Noir,alenoir70@acquirethisname.com,Female,187.127.172.58,false
254,Sascha,Cotte,scotte71@gmpg.org,Male,250.107.211.2,false
255,Lynsey,Adamovich,ladamovich72@guardian.co.uk,Female,166.0.190.115,false
256,Pancho,Cree,pcree73@abc.net.au,Male,144.61.98.227,true
257,Bennie,Bridgland,bbridgland74@google.com.au,Female,211.251.97.152,false
258,Teresa,Arnaud,tarnaud75@hubpages.com,Female,132.133.66.75,true
259,Eduardo,Dogg,edogg76@privacy.gov.au,Male,154.109.240.86,true
260,Laetitia,Norsister,lnorsister77@google.com.au,Female,66.207.93.166,false
261,Sidnee,Josling,sjosling78@nhs.uk,Male,172.51.113.148,true
262,Huey,Eveque,heveque79@ebay.co.uk,Male,230.29.140.185,true
263,Saunders,Gibby,sgibby7a@rambler.ru,Male,165.163.139.19,true
264,Alfy,Mellings,amellings7b@newsvine.com,Female,100.119.78.14,false
265,Nessie,Danby,ndanby7c@state.gov,Female,172.1.205.43,true
266,Hilario,Guiness,hguiness7d@rambler.ru,Male,38.9.184.53,true
267,Godard,Creser,gcreser7e@homestead.com,Male,11.235.213.145,true
268,Faustine,Robbie,frobbie7f@lycos.com,Female,134.193.233.233,true
269,Baird,Nester,bnester7g@livejournal.com,Male,51.14.247.196,false
270,Chaunce,Helbeck,chelbeck7h@usgs.gov,Male,55.23.242.72,true
271,Mareah,Petford,mpetford7i@illinois.edu,Female,253.121.241.155,true
272,Ingram,Harrington,iharrington7j@cargocollective.com,Male,179.139.28.224,false
273,Isobel,Bente,ibente7k@youku.com,Female,182.119.249.87,true
274,Chaim,Morfield,cmorfield7l@dedecms.com,Male,35.221.96.0,true
275,Vittoria,Kenion,vkenion7m@intel.com,Female,155.188.67.195,true
276,Joelie,Belbin,jbelbin7n@discovery.com,Female,66.161.147.75,false
277,Lonnie,Janko,ljanko7o@infoseek.co.jp,Male,108.220.49.60,false
278,Chance,Kybert,ckybert7p@china.com.cn,Male,91.100.143.109,false
279,Selene,Winterburn,swinterburn7q@surveymonkey.com,Female,190.6.238.114,true
280,Jock,Jephson,jjephson7r@nature.com,Male,218.89.225.176,false
281,Neely,Roos,nroos7s@nature.com,Female,186.144.13.17,false
282,Bryant,Cauldwell,bcauldwell7t@bizjournals.com,Male,118.208.41.172,false
283,Rockie,Elsmore,relsmore7u@senate.gov,Male,196.160.6.51,true
284,Zebulon,Northcote,znorthcote7v@aboutads.info,Male,129.185.40.245,false
285,Candis,Thatcham,cthatcham7w@qq.com,Female,155.142.229.83,false
286,Dorothea,Lornsen,dlornsen7x@webnode.com,Female,102.22.158.141,false
287,Hillary,Duggan,hduggan7y@google.it,Female,225.189.201.15,false
288,Conrade,Holdforth,choldforth7z@ca.gov,Male,197.220.175.239,true
289,Sandor,Tungate,stungate80@devhub.com,Male,36.38.163.173,false
290,Christopher,Cuddihy,ccuddihy81@theatlantic.com,Male,46.123.142.9,false
291,Tiebold,Langman,tlangman82@stumbleupon.com,Male,158.181.180.77,true
292,Abner,Djokovic,adjokovic83@nyu.edu,Male,240.11.156.226,false
293,Inessa,Dunsmuir,idunsmuir84@mysql.com,Female,53.5.251.236,false
294,Emmanuel,Fedoronko,efedoronko85@theguardian.com,Male,98.81.154.125,true
295,Madge,Ollivierre,mollivierre86@amazonaws.com,Female,118.18.254.233,true
296,Eugenie,Hasnney,ehasnney87@cafepress.com,Female,145.133.193.39,true
297,Creigh,Ellsbury,cellsbury88@technorati.com,Male,181.11.13.230,false
298,Micah,Gapper,mgapper89@google.it,Male,9.241.123.142,false
299,Jourdan,Balducci,jbalducci8a@desdev.cn,Female,240.216.213.66,true
300,Victoria,Sellen,vsellen8b@yale.edu,Female,90.151.31.22,false
301,Laure,McHale,lmchale8c@reuters.com,Female,130.126.124.31,false
302,Skipton,Mourbey,smourbey8d@vinaora.com,Male,39.242.158.50,false
303,Rita,Standen,rstanden8e@youku.com,Female,140.85.87.0,false
304,Kaile,Nisot,knisot8f@etsy.com,Female,205.244.8.112,true
305,Randi,Sexti,rsexti8g@webnode.com,Female,250.102.151.6,true
306,Miof mela,Duesbury,mduesbury8h@europa.eu,Female,121.15.252.32,true
307,Tracy,Ladloe,tladloe8i@php.net,Male,7.116.64.66,true
308,Emelita,McLellan,emclellan8j@buzzfeed.com,Female,92.73.207.197,false
309,Jonie,Infantino,jinfantino8k@cargocollective.com,Female,230.166.109.172,false
310,Lynsey,Philliskirk,lphilliskirk8l@cyberchimps.com,Female,66.158.161.217,false
311,Alyson,Poltun,apoltun8m@squidoo.com,Female,158.59.164.172,true
312,Sholom,Heinssen,sheinssen8n@ocn.ne.jp,Male,70.192.172.166,false
313,Toiboid,Keston,tkeston8o@cloudflare.com,Male,22.130.51.116,true
314,Tye,Hedger,thedger8p@cargocollective.com,Male,11.35.31.103,true
315,Lettie,Cass,lcass8q@odnoklassniki.ru,Female,53.23.31.218,true
316,Torrence,Ettritch,tettritch8r@omniture.com,Male,31.81.163.65,false
317,Delmer,Tarpey,dtarpey8s@sina.com.cn,Male,33.81.54.184,false
318,Patsy,Etty,petty8t@ifeng.com,Female,247.57.100.237,true
319,Harold,Wray,hwray8u@studiopress.com,Male,94.67.103.193,false
320,Nadeen,Audiss,naudiss8v@gmpg.org,Female,161.105.222.209,false
321,Myrle,Ginnally,mginnally8w@seattletimes.com,Female,12.141.54.239,true
322,Aldus,Lansbury,alansbury8x@yellowpages.com,Male,122.129.83.4,true
323,Danice,McPaike,dmcpaike8y@biblegateway.com,Female,94.35.220.174,true
324,Jarvis,Sineath,jsineath8z@harvard.edu,Male,8.17.128.125,true
325,Averil,MacIntosh,amacintosh90@ox.ac.uk,Male,31.67.192.216,true
326,Lea,Scrancher,lscrancher91@hhs.gov,Female,191.219.68.247,false
327,Carilyn,MacGilfoyle,cmacgilfoyle92@pcworld.com,Female,142.246.34.99,true
328,Rozalie,Shaplin,rshaplin93@sun.com,Female,4.192.218.203,false
329,Fin,Flannery,fflannery94@businessinsider.com,Male,241.25.202.163,false
330,Druci,Ludlow,dludlow95@utexas.edu,Female,82.2.244.86,true
331,Artair,McMennum,amcmennum96@dailymotion.com,Male,213.10.132.132,true
332,Gabriellia,Alben,galben97@shop-pro.jp,Female,209.22.60.89,true
333,Zandra,Hentze,zhentze98@photobucket.com,Female,72.174.116.215,false
334,Portia,Ruggier,pruggier99@booking.com,Female,202.127.69.38,true
335,Risa,Douthwaite,rdouthwaite9a@hp.com,Female,167.27.3.153,true
336,Kean,MacCarter,kmaccarter9b@admin.ch,Male,19.87.171.123,false
337,Jeremie,Van der Brug,jvanderbrug9c@google.pl,Male,8.220.111.162,false
338,Maxi,Phelipeau,mphelipeau9d@addthis.com,Female,22.86.74.219,true
339,Chauncey,Blundan,cblundan9e@1688.com,Male,120.197.144.35,false
340,Corinne,Clogg,cclogg9f@prweb.com,Female,154.88.111.96,true
341,Hortense,Chasier,hchasier9g@exblog.jp,Female,174.247.95.16,true
342,Andrus,Hilling,ahilling9h@uiuc.edu,Male,5.117.82.228,false
343,Lewie,Ebbing,lebbing9i@wikimedia.org,Male,19.243.232.123,false
344,Korney,Froment,kfroment9j@google.co.uk,Female,145.70.175.78,false
345,Lauralee,Cornfoot,lcornfoot9k@furl.net,Female,12.160.205.20,false
346,Bobine,McBeath,bmcbeath9l@theglobeandmail.com,Female,124.113.99.121,false
347,Lezley,Beavan,lbeavan9m@booking.com,Male,16.111.139.139,true
348,Wayland,Seyfart,wseyfart9n@va.gov,Male,227.175.148.122,true
349,Alain,Adolfson,aadolfson9o@canalblog.com,Male,156.128.131.255,false
350,Thadeus,DeSousa,tdesousa9p@slashdot.org,Male,205.172.82.121,false
351,Gabrila,Halshaw,ghalshaw9q@abc.net.au,Female,63.121.221.49,true
352,Ami,MacGebenay,amacgebenay9r@multiply.com,Female,218.117.161.120,false
353,Burr,Baber,bbaber9s@columbia.edu,Male,177.185.111.233,true
354,Ado,Padgett,apadgett9t@istockphoto.com,Male,182.1.124.125,false
355,Graig,Roberti,groberti9u@reddit.com,Male,29.61.193.143,true
356,Nicki,Shory,nshory9v@ucla.edu,Female,13.125.60.143,false
357,Frasquito,Delgadillo,fdelgadillo9w@oakley.com,Male,185.128.187.242,false
358,Donnell,McHan,dmchan9x@google.fr,Male,180.245.82.253,false
359,Fred,Pendall,fpendall9y@hatena.ne.jp,Female,127.211.2.64,true
360,Oby,Bourdel,obourdel9z@edublogs.org,Male,146.205.74.140,false
361,Maxim,Piatti,mpiattia0@slashdot.org,Male,47.85.118.206,false
362,Gerard,Perren,gperrena1@statcounter.com,Male,62.185.188.172,true
363,Lizette,West-Frimley,lwestfrimleya2@merriam-webster.com,Female,92.192.63.141,false
364,Ailey,Sage,asagea3@flavors.me,Female,235.84.82.114,false
365,Minna,Hannond,mhannonda4@adobe.com,Female,255.253.99.115,false
366,Claudia,Iffland,cifflanda5@hugedomains.com,Female,138.146.231.90,true
367,Horst,Coburn,hcoburna6@hatena.ne.jp,Male,102.136.180.198,false
368,Svend,Estick,sesticka7@merriam-webster.com,Male,78.84.178.71,false
369,Keslie,Burberry,kburberrya8@opera.com,Female,151.113.177.85,false
370,Petey,Kerwick,pkerwicka9@pbs.org,Male,127.140.51.72,false
371,Edna,Whipple,ewhippleaa@arizona.edu,Female,135.110.101.11,false
372,Linus,Morrow,lmorrowab@auda.org.au,Male,184.130.76.6,true
373,Ebeneser,Lapthorne,elapthorneac@cnn.com,Male,36.129.122.87,false
374,Sharla,Wolfart,swolfartad@mapy.cz,Female,59.33.168.68,false
375,Christel,Webben,cwebbenae@spotify.com,Female,227.37.211.204,true
376,Dee dee,Armer,darmeraf@usda.gov,Female,131.222.33.141,true
377,Regen,Ioselevich,rioselevichag@ezinearticles.com,Male,57.122.160.139,false
378,Florence,Shatliffe,fshatliffeah@globo.com,Female,31.86.218.14,false
379,Aarika,Cruce,acruceai@google.com,Female,72.211.68.149,true
380,Rebbecca,Fandrey,rfandreyaj@addtoany.com,Female,244.161.7.229,true
381,Brena,Aveline,bavelineak@cisco.com,Female,210.130.84.143,false
382,Traci,Thewless,tthewlessal@stanford.edu,Female,181.193.86.205,true
383,Truman,Lanchbery,tlanchberyam@zdnet.com,Male,35.64.139.96,true
384,Derek,Moden,dmodenan@hexun.com,Male,234.156.242.12,true
385,Benjie,Brunsen,bbrunsenao@dion.ne.jp,Male,228.143.134.36,true
386,Roxi,Cruwys,rcruwysap@sphinn.com,Female,139.208.85.15,true
387,Herman,Paulou,hpaulouaq@webnode.com,Male,104.107.205.85,true
388,Hortensia,Beechcraft,hbeechcraftar@tinyurl.com,Female,13.234.181.165,false
389,Cristi,Goggen,cgoggenas@wiley.com,Female,128.177.254.232,true
390,Nerte,Temlett,ntemlettat@telegraph.co.uk,Female,115.247.206.147,true
391,Berna,Chasney,bchasneyau@com.com,Female,170.179.111.80,true
392,Nissy,Rickertsen,nrickertsenav@pen.io,Female,63.72.227.92,true
393,Hilary,Ducker,hduckeraw@ameblo.jp,Female,242.12.165.233,false
394,Debor,Obeney,dobeneyax@icio.us,Female,185.207.155.69,false
395,Minor,Yanuk,myanukay@rediff.com,Male,83.117.83.161,false
396,Giorgi,Blasgen,gblasgenaz@wp.com,Male,41.199.77.127,true
397,Rikki,Drayson,rdraysonb0@examiner.com,Male,91.109.134.186,true
398,Tobey,MacCoveney,tmaccoveneyb1@ovh.net,Female,164.63.187.222,true
399,Marigold,Ings,mingsb2@google.ca,Female,45.156.219.8,false
400,Larissa,Glendining,lglendiningb3@ft.com,Female,215.83.89.56,true
401,Andrew,Fassbender,afassbenderb4@weibo.com,Male,72.17.26.168,true
402,Carolus,Stammer,cstammerb5@pen.io,Male,69.104.193.161,true
403,Lisette,Pettipher,lpettipherb6@squarespace.com,Female,77.99.170.211,true
404,Cordelie,Astles,castlesb7@jugem.jp,Female,222.228.243.140,false
405,Gianna,Hewell,ghewellb8@github.com,Female,152.232.69.22,true
406,Hayden,Rossiter,hrossiterb9@google.cn,Male,7.31.21.69,true
407,Randolf,Mintrim,rmintrimba@auda.org.au,Male,126.5.167.149,true
408,Johnathan,Treece,jtreecebb@devhub.com,Male,124.67.111.245,true
409,Sella,Frackiewicz,sfrackiewiczbc@bloglovin.com,Female,204.172.212.103,true
410,Herschel,Mico,hmicobd@narod.ru,Male,90.90.229.67,false
411,Heinrik,Andri,handribe@qq.com,Male,211.243.1.127,false
412,Arlyn,Mann,amannbf@myspace.com,Female,92.92.55.7,false
413,Dedra,Rabjohns,drabjohnsbg@wikispaces.com,Female,179.204.82.18,false
414,Herschel,Alelsandrowicz,halelsandrowiczbh@webs.com,Male,54.80.21.243,true
415,Wynn,Quirk,wquirkbi@nps.gov,Female,85.123.134.238,true
416,Jeni,Earwaker,jearwakerbj@amazon.co.jp,Female,163.17.167.83,true
417,Lawton,Doerling,ldoerlingbk@twitpic.com,Male,232.191.231.86,false
418,Leslie,Reditt,lredittbl@wordpress.org,Female,238.41.19.234,true
419,Jehu,Bridewell,jbridewellbm@google.es,Male,159.59.72.45,true
420,Trueman,Easthope,teasthopebn@nyu.edu,Male,193.78.234.135,true
421,Roth,Mepsted,rmepstedbo@qq.com,Male,241.83.224.198,true
422,Rafael,Cheeney,rcheeneybp@diigo.com,Male,117.171.76.217,true
423,Justinian,Stabbins,jstabbinsbq@chicagotribune.com,Male,120.97.185.32,false
424,Sybilla,Bunner,sbunnerbr@examiner.com,Female,155.227.47.88,false
425,Lauri,Bushel,lbushelbs@w3.org,Female,222.226.55.43,false
426,Florida,Drowsfield,fdrowsfieldbt@t.co,Female,238.38.71.93,true
427,Grange,Daouze,gdaouzebu@tinyurl.com,Male,53.7.76.114,true
428,Simona,Maberley,smaberleybv@zdnet.com,Female,228.104.96.235,false
429,Mada,Dowbekin,mdowbekinbw@ucla.edu,Female,48.159.29.202,false
430,Alec,De Bruyne,adebruynebx@intel.com,Male,107.131.168.73,true
431,Justis,Klimt,jklimtby@webnode.com,Male,164.194.184.195,true
432,Nobe,Hampstead,nhampsteadbz@japanpost.jp,Male,46.65.70.109,false
433,Shelba,Probets,sprobetsc0@dyndns.org,Female,102.123.195.104,true
434,Humbert,Rickets,hricketsc1@plala.or.jp,Male,22.128.89.210,true
435,Else,Hay,ehayc2@sciencedaily.com,Female,76.100.14.139,true
436,Fowler,Degue,fdeguec3@shop-pro.jp,Male,75.56.93.240,false
437,Tymothy,Ackermann,tackermannc4@house.gov,Male,190.118.96.166,false
438,Gilberto,Erley,gerleyc5@gizmodo.com,Male,111.44.164.151,true
439,Vanna,Harborow,vharborowc6@shutterfly.com,Female,41.238.97.13,false
440,Titos,Quarrell,tquarrellc7@about.me,Male,193.194.136.120,false
441,Porter,Andriesse,pandriessec8@umn.edu,Male,91.32.234.186,false
442,Edgar,Fitzpayn,efitzpaync9@dedecms.com,Male,196.136.234.111,true
443,Ram,Scripture,rscriptureca@washington.edu,Male,132.106.198.138,true
444,Ed,Enriquez,eenriquezcb@amazon.de,Male,174.224.192.218,true
445,Velvet,Pickthorne,vpickthornecc@bloglovin.com,Female,174.116.54.157,false
446,Helli,Ready,hreadycd@bigcartel.com,Female,6.101.125.125,false
447,Teodora,Cardinal,tcardinalce@baidu.com,Female,139.172.67.3,false
448,Finley,Lempke,flempkecf@apache.org,Male,42.27.2.239,true
449,Sigismundo,Slipper,sslippercg@acquirethisname.com,Male,61.243.129.73,true
450,Steffi,Czapla,sczaplach@hibu.com,Female,138.47.10.205,false
451,Koren,Lawton,klawtonci@salon.com,Female,30.11.198.69,false
452,Shae,Adey,sadeycj@redcross.org,Male,100.146.25.219,false
453,Ursola,Crannach,ucrannachck@a8.net,Female,74.75.149.149,false
454,Perry,Ivett,pivettcl@is.gd,Male,201.136.105.151,false
455,Vernen,Gammons,vgammonscm@google.de,Male,69.53.207.175,true
456,Mil,Chasles,mchaslescn@umich.edu,Female,216.185.242.93,true
457,Tuck,Shorton,tshortonco@slashdot.org,Male,55.241.223.76,false
458,Anabelle,Jacob,ajacobcp@biblegateway.com,Female,239.137.28.39,true
459,Pierce,Geillier,pgeilliercq@senate.gov,Male,162.80.20.15,true
460,Krystle,Squibb,ksquibbcr@si.edu,Female,240.62.152.46,false
461,Quintana,Shorton,qshortoncs@epa.gov,Female,248.51.115.68,false
462,Maury,Spellacy,mspellacyct@uol.com.br,Male,53.246.186.249,true
463,Dede,Steutly,dsteutlycu@smh.com.au,Female,53.250.230.145,true
464,Ray,Martini,rmartinicv@oaic.gov.au,Male,87.47.159.48,true
465,Micheal,Gobell,mgobellcw@oakley.com,Male,239.144.116.155,false
466,Wanda,Matussevich,wmatussevichcx@biblegateway.com,Female,238.74.242.29,false
467,Morlee,Learmount,mlearmountcy@pen.io,Male,89.7.102.146,true
468,Robenia,Tilley,rtilleycz@howstuffworks.com,Female,139.147.140.252,false
469,Chancey,Sturt,csturtd0@hubpages.com,Male,162.95.234.127,false
470,Leonerd,Lafontaine,llafontained1@ask.com,Male,25.8.89.251,true
471,Sinclare,Wolfers,swolfersd2@sfgate.com,Male,142.86.157.149,false
472,Dorita,Phipp,dphippd3@indiatimes.com,Female,134.46.79.110,true
473,Agosto,Blackburne,ablackburned4@techcrunch.com,Male,34.202.51.40,true
474,Annadiana,Ullett,aullettd5@stumbleupon.com,Female,43.147.55.86,false
475,Lydia,Trippick,ltrippickd6@ocn.ne.jp,Female,121.133.204.126,false
476,Lotta,Gethen,lgethend7@goo.ne.jp,Female,29.38.164.216,true
477,Eran,Dugan,edugand8@bigcartel.com,Female,223.141.218.150,false
478,Ashil,Willavoys,awillavoysd9@twitpic.com,Female,245.45.43.108,false
479,Renado,Czajkowski,rczajkowskida@uol.com.br,Male,199.202.171.4,true
480,Aloisia,Bortolotti,abortolottidb@mail.ru,Female,158.35.135.220,false
481,Reginald,Poyle,rpoyledc@xing.com,Male,76.62.85.69,true
482,Broderic,Dearn,bdearndd@harvard.edu,Male,18.112.255.19,false
483,Goddard,Ridder,gridderde@issuu.com,Male,24.137.163.167,true
484,Nara,Briant,nbriantdf@irs.gov,Female,143.169.24.117,false
485,Bryan,McAmish,bmcamishdg@narod.ru,Male,188.248.168.106,false
486,Darlleen,Dimont,ddimontdh@cdbaby.com,Female,13.149.118.64,false
487,Kiele,Monard,kmonarddi@acquirethisname.com,Female,211.18.144.234,true
488,Koenraad,Secret,ksecretdj@livejournal.com,Male,147.33.91.24,true
489,Rhodia,Tomik,rtomikdk@mysql.com,Female,12.199.180.111,true
490,Angelina,Durtnal,adurtnaldl@berkeley.edu,Female,191.216.110.84,true
491,Francoise,Napier,fnapierdm@people.com.cn,Female,222.246.117.240,false
492,Liana,Franck,lfranckdn@usda.gov,Female,216.221.225.136,false
493,Briney,Winson,bwinsondo@harvard.edu,Female,107.203.251.65,true
494,Florry,Raddan,fraddandp@zdnet.com,Female,121.74.199.132,true
495,Giselbert,Luard,gluarddq@quantcast.com,Male,19.15.80.115,false
496,Maryanne,Pouck,mpouckdr@dedecms.com,Female,243.158.54.247,false
497,Dorelia,Flay,dflayds@fotki.com,Female,188.88.135.73,true
498,Ruddy,McTerry,rmcterrydt@tinyurl.com,Male,191.166.79.51,true
499,Juliette,Panyer,jpanyerdu@hubpages.com,Female,54.206.8.206,false
500,Vin,Goodered,vgoodereddv@nbcnews.com,Male,45.205.142.27,true
501,Quill,Agron,qagrondw@yelp.com,Male,247.86.14.155,false
502,Ansel,Rann,aranndx@sourceforge.net,Male,52.244.50.11,true
503,Kelbee,Hissie,khissiedy@e-recht24.de,Male,96.32.195.202,true
504,Christi,Delgado,cdelgadodz@un.org,Female,242.192.101.249,false
505,Charin,Hamblin,chambline0@weebly.com,Female,245.54.190.215,false
506,Brook,Van Velde,bvanveldee1@naver.com,Male,174.202.74.85,true
507,Walliw,Aldam,waldame2@tmall.com,Female,142.211.132.1,true
508,Drugi,Cianelli,dcianellie3@hhs.gov,Male,102.43.181.1,true
509,Felicio,Florence,fflorencee4@nydailynews.com,Male,37.118.148.186,false
510,Addison,Pochin,apochine5@shinystat.com,Male,100.179.40.143,false
511,Chalmers,Downing,cdowninge6@51.la,Male,238.138.209.67,false
512,Ysabel,Houlahan,yhoulahane7@edublogs.org,Female,66.226.150.16,true
513,Nisse,Dockree,ndockreee8@delicious.com,Female,136.44.169.127,false
514,Rik,Turbard,rturbarde9@topsy.com,Male,176.52.139.7,false
515,Sergei,Ewell,sewellea@apache.org,Male,42.241.31.217,true
516,Drucie,Kliemke,dkliemkeeb@examiner.com,Female,206.82.102.157,true
517,Irv,Kermannes,ikermannesec@google.pl,Male,67.67.227.36,true
518,Far,Grayling,fgraylinged@a8.net,Male,115.95.147.161,true
519,Ab,Lethbury,alethburyee@hp.com,Male,33.135.92.174,false
520,Gino,Fryman,gfrymanef@adobe.com,Male,75.54.114.173,false
521,Thaine,Peasnone,tpeasnoneeg@nyu.edu,Male,195.227.186.254,true
522,Patric,Marnes,pmarneseh@google.co.uk,Male,231.35.45.3,true
523,Hakeem,Swayland,hswaylandei@gravatar.com,Male,96.175.205.82,true
524,Vinny,Dunckley,vdunckleyej@wikia.com,Male,243.74.51.47,false
525,Agata,Bridle,abridleek@bizjournals.com,Female,190.79.227.64,true
526,Marietta,Nel,mnelel@trellian.com,Female,73.234.133.65,true
527,Ame,Frew,afrewem@youtube.com,Female,178.213.226.23,false
528,Trstram,MacGarrity,tmacgarrityen@google.ca,Male,87.243.137.108,false
529,Pooh,Reiglar,preiglareo@pen.io,Male,247.39.1.71,false
530,Fredericka,Le Bosse,flebosseep@wix.com,Female,19.157.205.222,true
531,Lazar,Garett,lgaretteq@utexas.edu,Male,21.157.237.243,true
532,Briano,Barnardo,bbarnardoer@goo.ne.jp,Male,235.154.0.26,false
533,Silvan,Phillott,sphillottes@blog.com,Male,61.231.171.59,false
534,Madelle,Petegre,mpetegreet@yellowpages.com,Female,69.50.5.118,true
535,Grant,Philippe,gphilippeeu@is.gd,Male,236.197.232.118,true
536,Kelsy,Reeme,kreemeev@dailymail.co.uk,Female,65.48.31.28,true
537,Corly,Oakenfall,coakenfallew@loc.gov,Female,131.31.64.147,false
538,Allan,Rawlison,arawlisonex@weibo.com,Male,177.70.87.179,false
539,Monte,Lethbridge,mlethbridgeey@sbwire.com,Male,189.190.198.9,true
540,Ansley,Francino,afrancinoez@cbslocal.com,Female,163.40.182.215,false
541,Nevile,Sherebrook,nsherebrookf0@wikimedia.org,Male,173.99.0.122,false
542,Trace,Arnot,tarnotf1@reuters.com,Male,123.188.14.16,true
543,Shirlee,Makinson,smakinsonf2@seattletimes.com,Female,112.87.183.110,true
544,Willis,Garfitt,wgarfittf3@mozilla.org,Male,191.41.242.70,true
545,Shena,Orneblow,sorneblowf4@facebook.com,Female,82.127.118.135,true
546,Bary,Learman,blearmanf5@huffingtonpost.com,Male,149.140.85.165,true
547,Giles,Cowdery,gcowderyf6@mail.ru,Male,86.204.201.111,true
548,Guillemette,Van Baaren,gvanbaarenf7@tiny.cc,Female,80.14.226.248,true
549,Chicky,Pridding,cpriddingf8@yale.edu,Male,253.201.237.126,false
550,Lauritz,Clougher,lclougherf9@slate.com,Male,3.108.71.111,false
551,Wynn,Everal,weveralfa@indiegogo.com,Female,253.209.45.160,false
552,Evelyn,Cutbirth,ecutbirthfb@yandex.ru,Male,7.177.0.147,false
553,Bab,Peggs,bpeggsfc@php.net,Female,45.118.213.38,true
554,Selinda,Havik,shavikfd@spiegel.de,Female,139.4.6.124,false
555,Carrie,Blackman,cblackmanfe@lycos.com,Female,80.1.17.73,true
556,Leicester,Breckin,lbreckinff@reddit.com,Male,242.184.140.181,true
557,Hart,Robbey,hrobbeyfg@gizmodo.com,Male,238.160.22.189,false
558,Feliks,Simonds,fsimondsfh@de.vu,Male,245.170.36.110,false
559,Gerda,Tireman,gtiremanfi@illinois.edu,Female,192.69.174.111,false
560,Benjy,Baggelley,bbaggelleyfj@upenn.edu,Male,71.209.7.167,true
561,Judd,MacFadden,jmacfaddenfk@nps.gov,Male,241.176.154.232,true
562,Emlen,Stopper,estopperfl@sitemeter.com,Male,15.162.24.192,false
563,Buckie,Donisthorpe,bdonisthorpefm@miitbeian.gov.cn,Male,116.68.50.126,true
564,Penn,Puddifer,ppuddiferfn@amazonaws.com,Male,37.16.8.129,true
565,Egan,Feavers,efeaversfo@mapy.cz,Male,47.76.131.71,false
566,Zerk,Waylen,zwaylenfp@friendfeed.com,Male,176.102.69.6,false
567,Leoine,Everard,leverardfq@dot.gov,Female,82.154.228.39,true
568,Brenna,Sobey,bsobeyfr@vkontakte.ru,Female,215.195.52.100,false
569,Sheri,Ferrer,sferrerfs@statcounter.com,Female,26.195.43.7,true
570,Prince,Cunniff,pcunniffft@disqus.com,Male,4.3.72.238,false
571,Renie,Macrow,rmacrowfu@deliciousdays.com,Female,91.125.70.12,false
572,Deva,Heinzler,dheinzlerfv@hostgator.com,Female,239.132.137.87,true
573,Thatch,Reddish,treddishfw@amazon.co.uk,Male,53.93.40.194,false
574,Kiel,Swyndley,kswyndleyfx@si.edu,Male,229.169.199.38,true
575,Ferguson,Paradine,fparadinefy@gmpg.org,Male,160.222.235.91,true
576,Gavra,Scini,gscinifz@bizjournals.com,Female,204.50.193.101,false
577,Ingeberg,Windsor,iwindsorg0@sakura.ne.jp,Female,38.20.42.110,true
578,Red,Roddan,rroddang1@ovh.net,Male,230.183.23.227,false
579,Nell,Lochran,nlochrang2@sogou.com,Female,251.237.252.211,true
580,Ezri,Kisar,ekisarg3@simplemachines.org,Male,115.65.240.10,false
581,Salomon,Mears,smearsg4@independent.co.uk,Male,93.186.76.209,false
582,Charis,Burgise,cburgiseg5@wired.com,Female,224.158.111.245,true
583,Trish,Croyden,tcroydeng6@bizjournals.com,Female,238.96.5.203,false
584,Klarrisa,Mouland,kmoulandg7@nhs.uk,Female,92.162.150.76,false
585,Lynnette,Lightbown,llightbowng8@aol.com,Female,155.161.113.127,true
586,Angelique,Stirtle,astirtleg9@bigcartel.com,Female,137.40.96.100,true
587,Hew,Braidley,hbraidleyga@cyberchimps.com,Male,91.198.248.72,true
588,Lezlie,Blissitt,lblissittgb@nature.com,Female,100.40.245.102,true
589,Whittaker,Berryman,wberrymangc@ihg.com,Male,131.60.233.92,false
590,Kimble,Bread,kbreadgd@hc360.com,Male,119.23.111.99,false
591,Sella,Bagehot,sbagehotge@oaic.gov.au,Female,166.128.166.233,true
592,Fraser,Prinne,fprinnegf@cdc.gov,Male,77.26.46.216,false
593,Skyler,Caldaro,scaldarogg@psu.edu,Male,84.236.106.236,true
594,Bayard,Simononsky,bsimononskygh@diigo.com,Male,211.167.251.205,true
595,Brynn,Pavlovsky,bpavlovskygi@vkontakte.ru,Female,93.98.1.176,true
596,Aubrey,Hammond,ahammondgj@marketwatch.com,Female,78.13.150.209,false
597,Nowell,Trodden,ntroddengk@merriam-webster.com,Male,195.52.39.52,false
598,Karlee,Edmott,kedmottgl@tuttocitta.it,Female,243.209.131.194,false
599,Elliot,Luigi,eluigigm@uiuc.edu,Male,59.126.176.4,false
600,Merridie,Beslier,mbesliergn@cisco.com,Female,78.30.109.171,false
601,Wildon,Moreinu,wmoreinugo@vinaora.com,Male,0.82.160.246,true
602,Marietta,Lowen,mlowengp@shutterfly.com,Male,238.228.243.103,false
603,Kippie,Husby,khusbygq@prlog.org,Male,231.53.231.91,false
604,Penn,Gumly,pgumlygr@geocities.com,Male,150.64.158.164,false
605,Dedie,Stanford,dstanfordgs@mashable.com,Female,199.1.149.113,true
606,Willie,Delooze,wdeloozegt@tuttocitta.it,Female,184.206.180.40,false
607,Jess,Sheard,jsheardgu@webnode.com,Female,198.3.136.142,false
608,Wenona,Woollin,wwoollingv@epa.gov,Female,57.224.120.59,false
609,Alejoa,Freezor,afreezorgw@elegantthemes.com,Male,221.129.27.143,true
610,Lars,Skures,lskuresgx@yelp.com,Male,82.8.93.76,true
611,Jordan,Malzard,jmalzardgy@tripadvisor.com,Female,15.224.121.174,true
612,Cointon,Lammerts,clammertsgz@ucoz.com,Male,117.235.142.82,false
613,Jillayne,Yes,jyesh0@amazon.co.jp,Female,39.217.95.55,false
614,Dalton,Capponeer,dcapponeerh1@hao123.com,Male,65.102.153.140,false
615,Lorelei,Craighall,lcraighallh2@naver.com,Female,105.77.255.98,true
616,Camel,Skeleton,cskeletonh3@dedecms.com,Female,105.220.108.104,true
617,Raeann,Treacher,rtreacherh4@timesonline.co.uk,Female,199.142.194.19,false
618,Willy,Petrussi,wpetrussih5@ted.com,Male,225.142.80.28,true
619,Gui,Nickolls,gnickollsh6@elegantthemes.com,Female,196.142.81.156,false
620,Diann,Garfield,dgarfieldh7@usatoday.com,Female,136.44.203.21,true
621,Iggie,Pulford,ipulfordh8@ucoz.com,Male,207.84.163.208,true
622,Corrie,Remmers,cremmersh9@squarespace.com,Female,99.208.157.253,true
623,Nicolle,Oxberry,noxberryha@1und1.de,Female,18.223.43.226,true
624,Theodoric,Redd,treddhb@dailymotion.com,Male,23.88.62.92,false
625,Maddalena,Kmicicki,mkmicickihc@bbc.co.uk,Female,100.241.68.217,false
626,Nappie,Espinoy,nespinoyhd@nih.gov,Male,203.50.184.236,false
627,Jack,Plaice,jplaicehe@infoseek.co.jp,Male,22.192.40.167,false
628,Ashby,Badam,abadamhf@china.com.cn,Male,21.22.124.8,false
629,Amelia,Niess,aniesshg@google.ca,Female,32.209.75.116,false
630,Arlyn,Roser,aroserhh@google.de,Female,154.190.91.135,false
631,Adelice,Duddell,aduddellhi@hubpages.com,Female,133.168.210.79,true
632,Brittaney,Haythornthwaite,bhaythornthwaitehj@last.fm,Female,242.207.64.229,true
633,Ninnetta,Rubinowitz,nrubinowitzhk@columbia.edu,Female,103.152.114.185,true
634,Emalee,Monketon,emonketonhl@mashable.com,Female,227.189.3.55,true
635,Clarance,Durnall,cdurnallhm@mashable.com,Male,115.200.205.39,true
636,Donni,Mote,dmotehn@ow.ly,Female,248.51.161.1,false
637,Eziechiele,Beuscher,ebeuscherho@facebook.com,Male,220.27.229.166,false
638,Sallie,Colledge,scolledgehp@macromedia.com,Female,129.152.205.81,true
639,Ingmar,Crichton,icrichtonhq@digg.com,Male,75.163.61.247,true
640,Carma,Prayer,cprayerhr@bigcartel.com,Female,123.93.176.249,true
641,Addy,Ajean,aajeanhs@aol.com,Male,234.107.107.9,false
642,Clemmy,Govenlock,cgovenlockht@ameblo.jp,Male,90.47.121.63,false
643,Bradley,Joules,bjouleshu@seattletimes.com,Male,170.38.101.53,false
644,Shelton,Pim,spimhv@sciencedaily.com,Male,39.239.191.119,true
645,Casper,Kayser,ckayserhw@umn.edu,Male,121.14.80.105,false
646,Bernadina,Pattinson,bpattinsonhx@fc2.com,Female,33.42.159.146,true
647,Zollie,Ryles,zryleshy@accuweather.com,Male,139.209.129.178,true
648,Cristie,Abbotts,cabbottshz@wisc.edu,Female,205.106.183.196,false
649,Alice,Raysdale,araysdalei0@unicef.org,Female,198.250.129.200,true
650,Estevan,Rannigan,erannigani1@quantcast.com,Male,183.225.100.112,true
651,Forrester,Ceschi,fceschii2@salon.com,Male,64.26.47.243,false
652,Teador,Downes,tdownesi3@edublogs.org,Male,116.40.156.15,true
653,Tam,Fullerd,tfullerdi4@economist.com,Male,226.75.253.155,false
654,Alon,Yegorov,ayegorovi5@rambler.ru,Male,138.151.38.49,true
655,Lee,Robke,lrobkei6@cmu.edu,Male,190.29.130.142,false
656,Anatola,Fortey,aforteyi7@google.ru,Female,58.60.82.179,true
657,Kipp,Erwin,kerwini8@sphinn.com,Female,77.46.238.55,false
658,Riley,Andrioli,randriolii9@live.com,Male,236.51.81.143,false
659,Tristam,Spatig,tspatigia@dmoz.org,Male,173.146.242.135,true
660,Elsa,Puttnam,eputtnamib@dyndns.org,Female,87.107.150.216,false
661,Flory,Copozio,fcopozioic@mac.com,Male,231.195.16.83,false
662,Griz,MacGill,gmacgillid@issuu.com,Male,207.84.26.183,false
663,Patrica,Petris,ppetrisie@theglobeandmail.com,Female,250.64.4.1,true
664,Sly,Moss,smossif@geocities.jp,Male,80.216.11.80,false
665,Cherye,Schulze,cschulzeig@cargocollective.com,Female,157.88.158.109,true
666,Arabelle,Gilley,agilleyih@nifty.com,Female,192.106.123.25,true
667,Garland,Bartelot,gbartelotii@sina.com.cn,Female,166.152.202.27,true
668,Gert,Eastment,geastmentij@over-blog.com,Female,179.151.141.168,false
669,Herbert,Guess,hguessik@archive.org,Male,34.215.158.80,true
670,Claire,Clendening,cclendeningil@bluehost.com,Female,252.106.52.27,false
671,Renelle,Yuill,ryuillim@pen.io,Female,249.178.10.207,true
672,Lorianna,Barnsley,lbarnsleyin@miitbeian.gov.cn,Female,155.6.57.41,false
673,Cherri,Stirley,cstirleyio@yellowpages.com,Female,197.112.102.221,true
674,Cash,Harrhy,charrhyip@youtube.com,Male,79.87.200.102,false
675,Whittaker,Rickson,wricksoniq@liveinternet.ru,Male,6.228.240.152,true
676,Mommy,Oen,moenir@t.co,Female,73.183.69.233,false
677,Hansiain,Matches,hmatchesis@dailymotion.com,Male,204.1.5.25,false
678,Darsie,Tilne,dtilneit@smugmug.com,Female,8.134.161.211,false
679,Vittorio,de Mendoza,vdemendozaiu@ft.com,Male,130.90.222.112,true
680,Theo,Pascow,tpascowiv@ucsd.edu,Female,158.194.21.75,false
681,Daphne,Prose,dproseiw@quantcast.com,Female,199.6.101.8,false
682,Dottie,Dwane,ddwaneix@unc.edu,Female,156.76.195.206,false
683,Bren,Blei,bbleiiy@simplemachines.org,Male,77.230.82.35,true
684,Morena,Tree,mtreeiz@github.com,Female,5.59.228.53,false
685,Derrik,Whitley,dwhitleyj0@free.fr,Male,143.54.131.82,false
686,Costa,Mc Ilwrick,cmcilwrickj1@addthis.com,Male,220.119.191.115,true
687,Ellene,Cawthorne,ecawthornej2@delicious.com,Female,199.78.147.186,false
688,Ingamar,Beevis,ibeevisj3@shareasale.com,Male,92.244.101.153,false
689,Clem,Moorhouse,cmoorhousej4@about.me,Male,120.171.73.58,false
690,Lorens,Gronw,lgronwj5@g.co,Male,84.251.178.112,true
691,Ivonne,Prichard,iprichardj6@kickstarter.com,Female,89.168.129.20,true
692,Ely,Hritzko,ehritzkoj7@is.gd,Male,61.251.20.158,false
693,Tiena,Bayly,tbaylyj8@hhs.gov,Female,63.85.237.214,false
694,Kaile,Ower,kowerj9@eventbrite.com,Female,6.162.15.149,false
695,Beckie,Clipsham,bclipshamja@cyberchimps.com,Female,19.73.111.150,false
696,Woodrow,Muddle,wmuddlejb@alibaba.com,Male,198.30.170.57,true
697,Desi,Grocutt,dgrocuttjc@walmart.com,Male,78.14.81.148,false
698,Rubie,Duffree,rduffreejd@bravesites.com,Female,219.125.140.46,false
699,Flo,Elsby,felsbyje@wufoo.com,Female,32.123.29.144,false
700,Leoine,Ipsly,lipslyjf@nasa.gov,Female,251.242.90.154,false
701,Eleen,Wye,ewyejg@narod.ru,Female,222.235.148.189,true
702,Dagny,Moncreiffe,dmoncreiffejh@nydailynews.com,Male,23.181.218.62,true
703,Dynah,Ronaldson,dronaldsonji@photobucket.com,Female,50.137.111.253,false
704,Matilda,Edwardes,medwardesjj@geocities.jp,Female,35.221.128.56,false
705,Audre,Dumbrill,adumbrilljk@surveymonkey.com,Female,208.86.254.146,false
706,Jasen,Ganniclifft,jganniclifftjl@icio.us,Male,164.9.43.39,false
707,Ondrea,Courson,ocoursonjm@wsj.com,Female,182.68.101.0,true
708,Melisse,McGahey,mmcgaheyjn@about.me,Female,86.151.119.200,false
709,Carlina,Dopson,cdopsonjo@technorati.com,Female,129.254.153.54,true
710,Hewett,Sheron,hsheronjp@ustream.tv,Male,40.25.10.245,true
711,Alick,Veale,avealejq@goo.gl,Male,77.222.232.101,true
712,Frederigo,Cockton,fcocktonjr@is.gd,Male,188.229.72.99,false
713,Immanuel,Masi,imasijs@odnoklassniki.ru,Male,81.115.124.167,false
714,Shelli,Hadcroft,shadcroftjt@rediff.com,Female,173.54.195.208,false
715,Padraic,Shills,pshillsju@tumblr.com,Male,229.158.160.176,true
716,Ara,Thacker,athackerjv@bloglovin.com,Male,87.146.248.183,false
717,Jay,Fabbro,jfabbrojw@state.tx.us,Male,69.112.3.206,false
718,Lucinda,Muldrew,lmuldrewjx@epa.gov,Female,185.223.146.51,false
719,Marice,Sailor,msailorjy@drupal.org,Female,171.32.168.253,false
720,Gabi,Massenhove,gmassenhovejz@naver.com,Female,8.138.135.160,true
721,Shelby,Hovel,shovelk0@blogtalkradio.com,Female,134.195.61.162,true
722,Kaycee,Uzzell,kuzzellk1@ehow.com,Female,246.37.9.28,false
723,Rori,McFarlane,rmcfarlanek2@prlog.org,Female,221.82.26.110,false
724,Malva,Stanfield,mstanfieldk3@google.ca,Female,63.202.169.205,false
725,Gilda,Igonet,gigonetk4@independent.co.uk,Female,187.89.135.197,true
726,Gates,Tranter,gtranterk5@ebay.com,Female,177.99.133.142,true
727,Herta,Strahan,hstrahank6@creativecommons.org,Female,149.208.18.220,false
728,Cosetta,Dorken,cdorkenk7@tmall.com,Female,254.154.181.232,true
729,Catha,Lackey,clackeyk8@berkeley.edu,Female,129.112.51.41,false
730,Rivalee,Filinkov,rfilinkovk9@skype.com,Female,85.46.170.217,true
731,Broddy,Helstrom,bhelstromka@economist.com,Male,130.96.68.88,true
732,Cobby,Mouatt,cmouattkb@istockphoto.com,Male,16.104.220.65,true
733,Nicola,Bulfit,nbulfitkc@imgur.com,Female,95.150.119.71,true
734,Josie,Ladley,jladleykd@free.fr,Female,57.191.208.39,true
735,Julio,Cockle,jcockleke@apache.org,Male,54.17.156.231,false
736,Rodrigo,Balser,rbalserkf@npr.org,Male,58.189.25.64,true
737,Gene,Dabnot,gdabnotkg@google.fr,Male,28.68.170.38,false
738,Colby,Cranham,ccranhamkh@bbb.org,Male,96.71.28.77,true
739,Marlyn,Emer,memerki@cargocollective.com,Female,13.231.133.87,true
740,Chan,Gethins,cgethinskj@sourceforge.net,Male,3.227.10.49,true
741,Reggie,Fishpool,rfishpoolkk@de.vu,Female,125.195.85.88,true
742,Rod,Lethley,rlethleykl@youtube.com,Male,75.233.193.85,false
743,Lorry,McVicar,lmcvicarkm@mail.ru,Female,149.201.139.200,false
744,Magdalen,Wickey,mwickeykn@dmoz.org,Female,162.223.196.230,true
745,Zsazsa,Torel,ztorelko@surveymonkey.com,Female,199.34.40.204,false
746,Belicia,Maryon,bmaryonkp@mtv.com,Female,99.125.106.255,true
747,Afton,Kelsell,akelsellkq@cdbaby.com,Female,96.139.244.27,false
748,Waneta,Dewes,wdeweskr@reddit.com,Female,108.151.222.171,true
749,Romain,Baiss,rbaissks@earthlink.net,Male,172.178.198.221,true
750,Arlen,Seabrooke,aseabrookekt@bbc.co.uk,Male,128.171.48.143,false
751,Dilly,Fortescue,dfortescueku@taobao.com,Male,82.247.224.129,false
752,Agneta,Heathfield,aheathfieldkv@fema.gov,Female,139.204.243.231,false
753,Ruthann,Armour,rarmourkw@weebly.com,Female,235.241.164.48,false
754,Jeff,Sankey,jsankeykx@joomla.org,Male,72.35.147.253,true
755,Neale,Selbie,nselbieky@google.com.br,Male,116.207.133.27,false
756,Garreth,Baudains,gbaudainskz@yelp.com,Male,63.39.52.248,true
757,Gavan,Pettinger,gpettingerl0@arizona.edu,Male,137.14.14.176,false
758,Hugh,Cottie,hcottiel1@scientificamerican.com,Male,205.191.56.26,true
759,Daryl,Petras,dpetrasl2@craigslist.org,Male,121.196.40.57,false
760,Jess,Agerskow,jagerskowl3@squarespace.com,Male,133.50.222.189,true
761,Priscilla,Brindley,pbrindleyl4@spotify.com,Female,206.80.135.41,true
762,Willie,Townsend,wtownsendl5@tumblr.com,Female,20.150.111.76,false
763,Waring,Peach,wpeachl6@theglobeandmail.com,Male,27.217.79.71,false
764,Ernst,Bareham,ebarehaml7@amazon.com,Male,249.242.190.37,true
765,Randie,McKinless,rmckinlessl8@scientificamerican.com,Male,104.98.137.195,true
766,Lynnett,Petrillo,lpetrillol9@engadget.com,Female,183.114.174.122,false
767,Anderea,Jurn,ajurnla@posterous.com,Female,49.200.184.239,true
768,Lemuel,MacCafferty,lmaccaffertylb@aol.com,Male,2.126.29.52,true
769,Hetti,Duddle,hduddlelc@scientificamerican.com,Female,239.176.99.87,true
770,Trstram,Rolph,trolphld@dell.com,Male,126.119.90.254,true
771,Aeriela,Theobalds,atheobaldsle@t-online.de,Female,188.103.213.188,true
772,Michell,Andreopolos,mandreopoloslf@baidu.com,Female,72.114.14.47,true
773,Jeanie,Woollends,jwoollendslg@ask.com,Female,178.149.171.152,false
774,Rice,Rickell,rrickelllh@reverbnation.com,Male,172.206.38.173,true
775,Donnie,Shickle,dshickleli@etsy.com,Female,188.114.232.201,false
776,Drake,Follis,dfollislj@ed.gov,Male,192.254.203.124,false
777,Austen,Edden,aeddenlk@pen.io,Male,76.135.175.185,true
778,Tobiah,Gerrill,tgerrillll@archive.org,Male,108.144.157.19,false
779,Vanda,Baxendale,vbaxendalelm@usgs.gov,Female,62.91.160.95,true
780,Alejoa,Dorney,adorneyln@ebay.com,Male,189.209.0.111,true
781,Marlin,Shwalbe,mshwalbelo@google.fr,Male,47.102.204.60,false
782,Isabella,Kuhle,ikuhlelp@printfriendly.com,Female,116.26.205.31,false
783,Theda,Smails,tsmailslq@dot.gov,Female,188.149.90.100,true
784,Adelle,Bickardike,abickardikelr@smugmug.com,Female,224.103.29.1,false
785,Sam,McCurt,smccurtls@last.fm,Female,7.62.26.255,true
786,Percival,Maxsted,pmaxstedlt@gizmodo.com,Male,15.71.168.143,true
787,Kain,Neesam,kneesamlu@timesonline.co.uk,Male,217.65.196.209,false
788,Donavon,Sommerlie,dsommerlielv@a8.net,Male,57.8.188.62,false
789,Marylee,Gillatt,mgillattlw@nsw.gov.au,Female,96.52.78.108,false
790,Catie,Doel,cdoellx@blogs.com,Female,11.217.240.48,true
791,Freemon,Corneliussen,fcorneliussenly@deviantart.com,Male,15.35.16.80,false
792,Mirilla,Capron,mcapronlz@goodreads.com,Female,67.13.207.185,true
793,Missie,Silk,msilkm0@istockphoto.com,Female,50.220.159.199,false
794,Timmi,Giacomucci,tgiacomuccim1@printfriendly.com,Female,99.200.207.7,true
795,Rooney,Fairbrother,rfairbrotherm2@acquirethisname.com,Male,155.40.28.120,true
796,Trenton,Tenby,ttenbym3@smugmug.com,Male,135.14.205.140,false
797,Effie,Duffill,eduffillm4@mayoclinic.com,Female,85.108.78.8,true
798,Keefe,Hinze,khinzem5@google.nl,Male,163.200.31.130,false
799,Gilburt,McBeath,gmcbeathm6@i2i.jp,Male,51.246.212.221,true
800,Tommie,Boynes,tboynesm7@ft.com,Male,141.2.223.200,false
801,Miner,Howden,mhowdenm8@dropbox.com,Male,63.141.158.42,true
802,Harbert,Vedeshkin,hvedeshkinm9@cam.ac.uk,Male,189.25.254.227,false
803,Greta,Ruhben,gruhbenma@xing.com,Female,59.114.21.61,false
804,Margo,Marven,mmarvenmb@pinterest.com,Female,171.91.233.112,true
805,Orsola,Gamell,ogamellmc@chron.com,Female,226.83.170.39,true
806,Rafe,Bertholin,rbertholinmd@artisteer.com,Male,83.165.119.91,true
807,Dannye,Scadding,dscaddingme@exblog.jp,Female,97.224.52.103,true
808,Talbot,Jorcke,tjorckemf@wiley.com,Male,184.13.174.223,false
809,Arel,Purslow,apurslowmg@craigslist.org,Male,107.53.3.244,true
810,Silas,Slateford,sslatefordmh@drupal.org,Male,60.168.52.129,false
811,Sybil,Pfeffel,spfeffelmi@adobe.com,Female,83.200.48.77,true
812,Jeramie,Shippey,jshippeymj@blog.com,Male,67.17.52.218,true
813,Klemens,Edrich,kedrichmk@parallels.com,Male,117.213.161.109,true
814,Magnum,Eggleston,megglestonml@webmd.com,Male,187.220.225.185,false
815,Aloysia,Teague,ateaguemm@wiley.com,Female,24.123.211.248,false
816,Blair,Mussard,bmussardmn@sciencedaily.com,Male,63.50.44.157,true
817,Bronson,Grinaway,bgrinawaymo@intel.com,Male,83.129.4.170,false
818,Mal,Dunrige,mdunrigemp@bbc.co.uk,Male,189.137.89.225,false
819,Kerianne,McCarl,kmccarlmq@mozilla.com,Female,203.151.54.3,true
820,Drucill,Leynagh,dleynaghmr@economist.com,Female,52.100.119.18,true
821,Bogey,Higgan,bhigganms@purevolume.com,Male,237.222.111.203,true
822,Mommy,Carcass,mcarcassmt@columbia.edu,Female,151.126.247.248,true
823,Dael,Sommerled,dsommerledmu@thetimes.co.uk,Female,129.31.151.37,false
824,Kalil,Mangion,kmangionmv@reverbnation.com,Male,92.186.253.197,false
825,Hortense,Lilliman,hlillimanmw@cam.ac.uk,Female,68.167.183.202,true
826,Farlee,Hawney,fhawneymx@wikia.com,Male,47.9.41.223,true
827,Osborne,Jersh,ojershmy@wisc.edu,Male,118.154.242.64,true
828,Findley,Bound,fboundmz@jalbum.net,Male,3.56.176.139,false
829,Gallagher,Defau,gdefaun0@forbes.com,Male,185.40.65.128,true
830,Faith,Culwen,fculwenn1@toplist.cz,Female,112.166.8.146,true
831,Caralie,Redington,credingtonn2@rediff.com,Female,31.235.33.47,true
832,Carlo,Karmel,ckarmeln3@trellian.com,Male,83.132.211.205,false
833,Eldon,Bownas,ebownasn4@eepurl.com,Male,41.58.229.227,false
834,Magdalena,Crangle,mcranglen5@elegantthemes.com,Female,103.37.55.48,true
835,Mariann,Costock,mcostockn6@sourceforge.net,Female,31.250.103.78,true
836,Berk,Buer,bbuern7@yellowbook.com,Male,182.69.199.63,false
837,Stefania,Shay,sshayn8@google.de,Female,145.115.54.154,false
838,Gale,Hawksley,ghawksleyn9@clickbank.net,Male,223.37.69.255,true
839,Hillard,Jarret,hjarretna@dmoz.org,Male,191.89.38.74,true
840,Ode,Menure,omenurenb@alibaba.com,Male,49.56.148.30,true
841,Florina,Mattys,fmattysnc@noaa.gov,Female,133.188.158.182,true
842,Maxi,Mariot,mmariotnd@slate.com,Female,65.135.74.196,true
843,Darice,Netherwood,dnetherwoodne@ebay.co.uk,Female,67.168.232.72,false
844,Corrine,Keston,ckestonnf@indiegogo.com,Female,99.4.247.132,true
845,Nicolea,Gemmill,ngemmillng@ftc.gov,Female,130.116.66.80,true
846,Emalia,Petrazzi,epetrazzinh@deviantart.com,Female,143.41.67.228,true
847,Ewart,Cheesley,echeesleyni@apache.org,Male,53.1.28.0,false
848,Gustave,Harmour,gharmournj@noaa.gov,Male,3.170.144.154,false
849,Dalli,Filppetti,dfilppettink@hexun.com,Male,68.154.149.100,true
850,Valenka,Stronghill,vstronghillnl@patch.com,Female,152.250.187.163,false
851,Roberta,Pedlingham,rpedlinghamnm@cisco.com,Female,163.70.228.93,false
852,Brandie,Linne,blinnenn@google.fr,Female,172.71.28.209,true
853,Piggy,Bilston,pbilstonno@ebay.co.uk,Male,108.225.35.109,false
854,Bink,Antonin,bantoninnp@nbcnews.com,Male,62.65.210.156,true
855,Clive,Kniveton,cknivetonnq@mysql.com,Male,87.234.232.106,true
856,Laurene,McKernon,lmckernonnr@census.gov,Female,217.22.105.82,false
857,Janek,Spere,jsperens@e-recht24.de,Male,149.8.95.232,true
858,Rozalie,Eglinton,reglintonnt@samsung.com,Female,101.132.49.98,true
859,Elga,Serle,eserlenu@tinyurl.com,Female,211.76.248.30,true
860,Juli,Jenken,jjenkennv@php.net,Female,96.166.161.227,true
861,Donalt,Lafaye,dlafayenw@ow.ly,Male,61.225.237.114,false
862,Tait,Briscam,tbriscamnx@umich.edu,Male,84.43.208.67,false
863,Cesya,Mabbett,cmabbettny@tinyurl.com,Female,104.35.44.186,false
864,Danella,Farncomb,dfarncombnz@sohu.com,Female,71.199.242.3,false
865,Goldi,Glowacki,gglowackio0@barnesandnoble.com,Female,155.226.221.220,true
866,Hilarius,Piffe,hpiffeo1@yellowbook.com,Male,25.157.47.99,false
867,Lalo,Degnen,ldegneno2@cisco.com,Male,194.12.202.91,false
868,Kort,Roseveare,kroseveareo3@patch.com,Male,61.30.194.93,true
869,Teodora,Kenworth,tkenwortho4@mozilla.com,Female,135.253.74.37,true
870,Sibylle,Boal,sboalo5@google.com,Female,97.39.49.226,false
871,Dario,Marjoribanks,dmarjoribankso6@jalbum.net,Male,102.237.168.230,false
872,Joseito,Klossmann,jklossmanno7@nbcnews.com,Male,119.137.255.249,true
873,Wilek,Warratt,wwarratto8@miibeian.gov.cn,Male,1.121.103.242,false
874,Osbourn,Pullin,opullino9@yale.edu,Male,140.219.231.151,true
875,Jaymee,Sheardown,jsheardownoa@woothemes.com,Female,66.122.8.25,true
876,Phaedra,Dell Casa,pdellcasaob@spotify.com,Female,225.7.78.105,false
877,Willem,Aldam,waldamoc@amazon.com,Male,30.165.77.242,true
878,Kristofor,Harkins,kharkinsod@jimdo.com,Male,86.103.146.7,true
879,Zechariah,Peacocke,zpeacockeoe@time.com,Male,248.251.216.92,false
880,Nicolis,Calafato,ncalafatoof@patch.com,Male,126.119.201.93,false
881,Daffy,Galego,dgalegoog@europa.eu,Female,102.209.90.208,true
882,Steffane,Gutridge,sgutridgeoh@hao123.com,Female,95.239.93.17,true
883,Tomas,Lovart,tlovartoi@unesco.org,Male,47.149.32.63,false
884,Skippy,Sibyllina,ssibyllinaoj@edublogs.org,Male,84.23.14.230,false
885,Ailey,Vina,avinaok@umich.edu,Female,45.201.200.33,true
886,Gerta,Bedbrough,gbedbroughol@miitbeian.gov.cn,Female,246.124.214.38,true
887,Maribel,Baden,mbadenom@vkontakte.ru,Female,93.187.182.161,false
888,Den,Lindell,dlindellon@paginegialle.it,Male,78.22.239.247,false
889,Dennie,Littlefield,dlittlefieldoo@netscape.com,Female,211.138.248.223,false
890,Rheta,Colquhoun,rcolquhounop@pen.io,Female,178.2.243.146,false
891,Jaye,Chester,jchesteroq@mozilla.com,Male,187.199.235.141,true
892,Billie,Fishpoole,bfishpooleor@hp.com,Female,13.138.207.136,true
893,Yolanthe,Dennes,ydennesos@amazonaws.com,Female,152.45.110.121,true
894,Dewain,Dobrovsky,ddobrovskyot@cbsnews.com,Male,172.90.165.245,true
895,Tersina,Pouton,tpoutonou@privacy.gov.au,Female,181.46.250.100,false
896,Ethan,Haster,ehasterov@state.tx.us,Male,70.114.124.61,false
897,Sallyanne,Puleque,spulequeow@is.gd,Female,141.149.233.160,false
898,Klaus,Pratt,kprattox@discuz.net,Male,171.76.174.131,false
899,Selina,Dearlove,sdearloveoy@sitemeter.com,Female,60.185.14.191,false
900,Walt,Hupe,whupeoz@guardian.co.uk,Male,72.112.4.229,false
901,Dewain,Pitone,dpitonep0@mit.edu,Male,226.237.19.140,false
902,Emmeline,Pettigrew,epettigrewp1@globo.com,Female,56.23.5.143,true
903,Ham,Burnel,hburnelp2@google.co.jp,Male,100.223.125.13,false
904,Kip,Mattiassi,kmattiassip3@princeton.edu,Female,246.21.28.60,true
905,Fabe,Scudamore,fscudamorep4@typepad.com,Male,94.225.170.199,false
906,Donielle,Arblaster,darblasterp5@washington.edu,Female,58.246.122.41,false
907,Smitty,Boraston,sborastonp6@jalbum.net,Male,23.65.225.89,true
908,Hamish,Cerie,hceriep7@cornell.edu,Male,239.98.32.152,true
909,Rolland,Yarnell,ryarnellp8@businesswire.com,Male,250.235.175.80,false
910,Lonnie,Syce,lsycep9@icq.com,Male,34.133.161.248,true
911,Arabele,Molan,amolanpa@furl.net,Female,76.220.119.163,false
912,Alexandra,Janks,ajankspb@uol.com.br,Female,184.237.96.110,false
913,Marcellus,Alben,malbenpc@imgur.com,Male,102.244.157.104,false
914,Calv,Meth,cmethpd@msn.com,Male,70.169.90.6,false
915,Marquita,Felstead,mfelsteadpe@digg.com,Female,38.215.176.194,false
916,Ingra,MacCheyne,imaccheynepf@g.co,Male,76.145.133.148,true
917,Noreen,Gerckens,ngerckenspg@miibeian.gov.cn,Female,5.180.96.104,true
918,Jackelyn,Absalom,jabsalomph@ebay.co.uk,Female,119.210.247.16,false
919,Kale,Line,klinepi@amazon.de,Male,36.235.251.156,false
920,Rivkah,Milius,rmiliuspj@illinois.edu,Female,70.190.71.119,false
921,Dominga,Gowen,dgowenpk@usnews.com,Female,215.247.80.165,false
922,Prentiss,MacAskie,pmacaskiepl@godaddy.com,Male,247.20.163.87,true
923,Sigismondo,Raithbie,sraithbiepm@blogs.com,Male,251.147.7.63,true
924,Darla,Smitham,dsmithampn@gravatar.com,Female,194.52.63.168,false
925,Shae,Stritton,sstrittonpo@jalbum.net,Male,19.171.245.206,true
926,Eula,Allcott,eallcottpp@nhs.uk,Female,21.141.243.213,false
927,Rafael,Rowlinson,rrowlinsonpq@reference.com,Male,210.61.140.16,false
928,Jeffry,Iannello,jiannellopr@foxnews.com,Male,143.118.57.152,false
929,Letta,Gossan,lgossanps@mashable.com,Female,7.63.88.195,true
930,Dodi,Magister,dmagisterpt@un.org,Female,251.57.108.126,true
931,Sallie,Smalcombe,ssmalcombepu@goo.gl,Female,244.219.36.51,true
932,Marylou,Coase,mcoasepv@last.fm,Female,104.220.249.103,false
933,Brandais,Dorwood,bdorwoodpw@accuweather.com,Female,42.64.186.71,true
934,Kareem,Macauley,kmacauleypx@addtoany.com,Male,229.208.234.173,false
935,Algernon,Theriot,atheriotpy@desdev.cn,Male,142.244.7.194,false
936,Duffy,Bennis,dbennispz@arstechnica.com,Male,23.13.101.17,true
937,Edi,Grabban,egrabbanq0@wikia.com,Female,246.194.51.219,false
938,Domenic,Ibeson,dibesonq1@dmoz.org,Male,126.190.68.122,false
939,Caryl,Vest,cvestq2@ezinearticles.com,Male,170.247.239.13,false
940,Stevy,Percy,spercyq3@163.com,Male,208.121.10.237,false
941,Thorvald,Minihan,tminihanq4@usa.gov,Male,244.65.40.244,true
942,Kalie,Domel,kdomelq5@opensource.org,Female,130.6.102.243,false
943,Auria,Blamey,ablameyq6@stanford.edu,Female,144.85.141.210,false
944,Eunice,Haughton,ehaughtonq7@ow.ly,Female,114.95.137.146,true
945,Elyse,Stevens,estevensq8@w3.org,Female,68.237.171.69,false
946,Fidelity,Crowd,fcrowdq9@statcounter.com,Female,76.202.177.30,false
947,Ilka,Klauber,iklauberqa@va.gov,Female,1.218.242.77,true
948,Arlinda,Drews,adrewsqb@delicious.com,Female,199.24.200.189,false
949,Sarene,Funnell,sfunnellqc@newyorker.com,Female,176.247.12.50,false
950,Chen,Pyett,cpyettqd@symantec.com,Male,156.191.55.78,true
951,Sydney,Outridge,soutridgeqe@a8.net,Male,88.218.4.200,true
952,Leonard,Lamborne,llamborneqf@wunderground.com,Male,118.31.187.175,false
953,Seumas,Hamelyn,shamelynqg@wikia.com,Male,253.235.7.158,false
954,Bobbi,Meighan,bmeighanqh@cnet.com,Female,163.75.63.59,false
955,Barth,Domenichelli,bdomenichelliqi@earthlink.net,Male,25.227.180.156,true
956,Chancey,Wrinch,cwrinchqj@cocolog-nifty.com,Male,31.181.75.13,true
957,Tobey,Gaven,tgavenqk@google.pl,Female,92.211.230.242,true
958,Armstrong,Jedrych,ajedrychql@irs.gov,Male,140.71.177.126,false
959,Marylinda,Lindro,mlindroqm@illinois.edu,Female,211.43.106.161,true
960,Penelopa,Towriss,ptowrissqn@census.gov,Female,177.125.32.162,true
961,Morie,Ysson,myssonqo@examiner.com,Male,121.157.160.93,false
962,Cilka,Overthrow,coverthrowqp@europa.eu,Female,77.41.76.205,false
963,Luke,Songest,lsongestqq@ezinearticles.com,Male,20.121.195.182,false
964,Tris,Shire,tshireqr@paginegialle.it,Male,135.188.117.55,true
965,Ros,Sone,rsoneqs@blogs.com,Female,57.175.87.160,false
966,Gilles,Lindegard,glindegardqt@gizmodo.com,Male,78.143.44.121,true
967,Rosabelle,Lathy,rlathyqu@youku.com,Female,125.97.166.50,false
968,Nessa,Challace,nchallaceqv@dell.com,Female,127.173.174.33,false
969,Mason,Thorne,mthorneqw@weebly.com,Male,24.123.111.34,true
970,Lindsey,Cloute,lclouteqx@phpbb.com,Male,117.208.163.90,false
971,Artemas,Filippazzo,afilippazzoqy@edublogs.org,Male,143.215.66.102,false
972,Herman,Horry,hhorryqz@google.es,Male,94.238.120.204,false
973,Raviv,Ward,rwardr0@domainmarket.com,Male,34.198.203.229,false
974,Vinny,Liggett,vliggettr1@hostgator.com,Male,152.75.1.236,true
975,Lindsey,Navarro,lnavarror2@ebay.co.uk,Male,198.55.161.54,false
976,Alvera,Birden,abirdenr3@123-reg.co.uk,Female,112.244.201.55,true
977,Rancell,Dunseath,rdunseathr4@redcross.org,Male,80.192.75.181,false
978,Maddy,Parkyn,mparkynr5@pen.io,Male,157.108.84.77,false
979,Ashla,Andriesse,aandriesser6@usnews.com,Female,55.49.23.9,false
980,Brenda,Germaine,bgermainer7@hp.com,Female,77.76.243.165,true
981,Mela,Huskinson,mhuskinsonr8@dailymail.co.uk,Female,208.89.183.183,false
982,Maxy,Bakewell,mbakewellr9@ifeng.com,Male,130.207.6.0,false
983,Casey,Melly,cmellyra@jimdo.com,Female,71.37.101.110,true
984,Lida,Hallt,lhalltrb@pen.io,Female,249.63.79.177,false
985,Nathanil,Greetham,ngreethamrc@posterous.com,Male,229.205.190.171,true
986,Melamie,Hammill,mhammillrd@scribd.com,Female,178.17.55.238,true
987,Packston,Stanyer,pstanyerre@php.net,Male,95.170.50.175,false
988,Burl,Fey,bfeyrf@cnbc.com,Male,32.219.204.119,false
989,Lorrie,Damiata,ldamiatarg@nytimes.com,Female,74.149.148.247,true
990,Matthieu,Hardacre,mhardacrerh@ted.com,Male,139.90.171.190,false
991,Layne,Maxted,lmaxtedri@hp.com,Female,231.232.125.70,true
992,Ephrayim,Stoeck,estoeckrj@hostgator.com,Male,136.47.193.45,true
993,Rossy,Treven,rtrevenrk@seattletimes.com,Male,4.61.103.18,false
994,Ernie,Mellenby,emellenbyrl@geocities.com,Male,238.161.80.146,false
995,Binni,Dubois,bduboisrm@infoseek.co.jp,Female,106.247.177.215,true
996,Giacomo,Lyddiard,glyddiardrn@netvibes.com,Male,187.108.151.78,false
997,Bowie,Crampsey,bcrampseyro@disqus.com,Male,61.25.128.173,true
998,Madalyn,London,mlondonrp@va.gov,Female,239.154.89.219,false
999,Riccardo,Blare,rblarerq@salon.com,Male,211.136.14.7,true
1000,Tim,Still,tstillrr@oakley.com,Female,26.70.103.50,true
